Column1;Column2;Column3;Column4;Column5;Column6;Column7;Column8;Column9;Column10;Column11;Column12;Column13;Column14;Column15;Column16;Column17;Column18;Column19;Column20;Column21;Column22;Column23;Column24;Column25;Column26;Column27;Column28
Source:;C:\Users\molnart1\Desktop\Vezérlő projekt\EPPR tester\EPPR tester\EPPR tester.kicad_sch;;;;;;;;;;;;;;;;;;;;;;;;;;
Date:;2026. 03. 27. 14:00:19;;;;;;;;;;;;;;;;;;;;;;;;;;
Tool:;Eeschema 7.0.9;;;;;;;;;;;;;;;;;;;;;;;;;;
Generator:;C:\Program Files\KiCad\7.0\bin\scripting\plugins/bom_csv_grouped_by_value.py;;;;;;;;;;;;;;;;;;;;;;;;;;
Component Count:;107;;;;;;;;;;;;;;;;;;;;;;;;;;
;;;;;;;;;;;;;;;;;;;;;;;;;;;
Collated Components:;;;;;;;;;;;;;;;;;;;;;;;;;;;
;;;;;;;;;;;;;;;;;;;;;;;;;;;
Item;Qty;Reference(s);Value;LibPart;Footprint;Datasheet;DNP;Availability;CREATOR;Check_prices;Description;MANUFACTURER;MAXIMUM_PACKAGE_HEIGHT;MF;MP;Manufacturer_Name;Manufacturer_Part_Number;PARTREV;Package;Price;SMD/THT;STANDARD;Sim.Device;Sim.Pins;SnapEDA_Link;Third Party Seller 1;Website
1;1;A1;Arduino_Nano_v3.x;MCU_Module:Arduino_Nano_v3.x;Module:Arduino_Nano;http://www.mouser.com/pdfdocs/Gravitech_Arduino_Nano3_0.pdf;;;;;;;;;;;;;;;;;;;;;
2;1;C1;10uF;Device:C;Capacitor_SMD:C_1210_3225Metric_Pad1.33x2.70mm_HandSolder;~;;;;;;;;;;;;;;;;;;;;;
3;3;C2, C3, C4;10nF;Device:C;Capacitor_SMD:C_0603_1608Metric_Pad1.08x0.95mm_HandSolder;~;;;;;;;;;;;;;;;;;;;;;
4;4;C5, C6, C7, C10;100nF;Device:C;Capacitor_SMD:C_0603_1608Metric_Pad1.08x0.95mm_HandSolder;~;;;;;;;;;;;;;;;;;;;;;
5;2;C8, C9;1uF;Device:C;Capacitor_SMD:C_0603_1608Metric_Pad1.08x0.95mm_HandSolder;~;;;;;;;;;;;;;;;;;;;;;
6;3;D2, D15, D16;BZT52C10;Device:D_Zener;Diode_SMD:Nexperia_CFP3_SOD-123W;~;;;;;;;;;;;;;;;;;;;;;
7;6;D3, D4, D5, D6, D7, D8;1N4148;Diode:1N4148;Diode_SMD:D_0603_1608Metric_Pad1.05x0.95mm_HandSolder;https://www.tme.eu/Document/8a0f4bd1d0e0495ebb1834ba060fbfa0/CD4148.pdf;;;;;;;;;;DC COMPONENTS;CD4148WT(0603C);;0603;;SMD;;D;1=K 2=A;;https://www.tme.eu/hu/details/1n4148-0603/univerzalis-smd-diodak/dc-components/cd4148wt-0603c/;-
8;2;D13, D14;BZT52C6V8;Device:D_Zener;Diode_SMD:Nexperia_CFP3_SOD-123W;~;;;;;;;;;;;;;;;;;;;;;
9;1;F1;15A;Device:Fuse;Fuse:Fuseholder_Littelfuse_100_series_5x20mm;~;;;;;;;;;;;;;;;;;;;;;
10;1;J1;Battery terminal;Connector:Screw_Terminal_01x02;TerminalBlock:TerminalBlock_Altech_AK300-2_P5.00mm;~;;;;;;;;;;;;;;;;;;;;;
11;1;J2;Start button conector;B2B-XH-A:B2B-XH-A;B2B-XH-A:JST_B2B-XH-A;;;In Stock;;https://www.snapeda.com/parts/B2B-XH-A/JST/view-part/?ref=eda;                            Connector Header Through Hole 2 position 0.098 (2.50mm);JST Sales America Inc.;7 mm;JST Sales;B2B-XH-A;;;N/A;None;None;;Manufacturer Recommendations;;;https://www.snapeda.com/parts/B2B-XH-A/JST/view-part/?ref=snap;;
12;1;J3;EPPR Valve 1;Connector:Screw_Terminal_01x02;TerminalBlock:TerminalBlock_Altech_AK300-2_P5.00mm;~;;;;;;;;;;;;;;;;;;;;;
13;1;J4;EPPR Valve 2;Connector:Screw_Terminal_01x02;TerminalBlock:TerminalBlock_Altech_AK300-2_P5.00mm;~;;;;;;;;;;;;;;;;;;;;;
14;1;J5;B4B-XH-A_LF__SN_;B4B-XH-A_LF__SN_:B4B-XH-A_LF__SN_;B4B-XH-A:JST_B4B-XH-A_LF__SN_;;;In Stock;;https://www.snapeda.com/parts/B4B-XH-A%20(LF)(SN)/JST/view-part/?ref=eda;                            Connector Header Through Hole 4 position 0.098 (2.50mm);JST;7.00 mm;JST Sales;B4B-XH-A (LF)(SN);;;7/4/21;None;None;;Manufacturer Recommendations;;;https://www.snapeda.com/parts/B4B-XH-A%20(LF)(SN)/JST/view-part/?ref=snap;;
15;1;J6;Go right button conector;B2B-XH-A:B2B-XH-A;B2B-XH-A:JST_B2B-XH-A;;;In Stock;;https://www.snapeda.com/parts/B2B-XH-A/JST/view-part/?ref=eda;                            Connector Header Through Hole 2 position 0.098 (2.50mm);JST Sales America Inc.;7 mm;JST Sales;B2B-XH-A;;;N/A;None;None;;Manufacturer Recommendations;;;https://www.snapeda.com/parts/B2B-XH-A/JST/view-part/?ref=snap;;
16;1;J7;Go left button conector;B2B-XH-A:B2B-XH-A;B2B-XH-A:JST_B2B-XH-A;;;In Stock;;https://www.snapeda.com/parts/B2B-XH-A/JST/view-part/?ref=eda;                            Connector Header Through Hole 2 position 0.098 (2.50mm);JST Sales America Inc.;7 mm;JST Sales;B2B-XH-A;;;N/A;None;None;;Manufacturer Recommendations;;;https://www.snapeda.com/parts/B2B-XH-A/JST/view-part/?ref=snap;;
17;1;J8;Pwm set up;B3B-XH-A:B3B-XH-A;B3B-XH-A:JST_B3B-XH-A;;;In Stock;;https://www.snapeda.com/parts/B3B-XH-A/JST/view-part/?ref=eda;                            Connector Header Through Hole 3 position 0.098 (2.50mm);JST Sales America Inc.;7.00 mm;JST Sales;B3B-XH-A;;;7/4/21;None;None;;Manufacturer Recommendations;;;https://www.snapeda.com/parts/B3B-XH-A/JST/view-part/?ref=snap;;
18;3;J9, J10, J16;Conn_01x02_Pin;Connector:Conn_01x02_Pin;Resistor_SMD:R_0402_1005Metric;~;;;;;;;;;;;;;;;;;;;;;
19;1;J11;R LED conector;B2B-XH-A:B2B-XH-A;B2B-XH-A:JST_B2B-XH-A;;;In Stock;;https://www.snapeda.com/parts/B2B-XH-A/JST/view-part/?ref=eda;                            Connector Header Through Hole 2 position 0.098 (2.50mm);JST Sales America Inc.;7 mm;JST Sales;B2B-XH-A;;;N/A;None;None;;Manufacturer Recommendations;;;https://www.snapeda.com/parts/B2B-XH-A/JST/view-part/?ref=snap;;
20;2;J12, J14;G. LED conector;B2B-XH-A:B2B-XH-A;B2B-XH-A:JST_B2B-XH-A;;;In Stock;;https://www.snapeda.com/parts/B2B-XH-A/JST/view-part/?ref=eda;                            Connector Header Through Hole 2 position 0.098 (2.50mm);JST Sales America Inc.;7 mm;JST Sales;B2B-XH-A;;;N/A;None;None;;Manufacturer Recommendations;;;https://www.snapeda.com/parts/B2B-XH-A/JST/view-part/?ref=snap;;
21;2;J13, J15;R. LED conector;B2B-XH-A:B2B-XH-A;B2B-XH-A:JST_B2B-XH-A;;;In Stock;;https://www.snapeda.com/parts/B2B-XH-A/JST/view-part/?ref=eda;                            Connector Header Through Hole 2 position 0.098 (2.50mm);JST Sales America Inc.;7 mm;JST Sales;B2B-XH-A;;;N/A;None;None;;Manufacturer Recommendations;;;https://www.snapeda.com/parts/B2B-XH-A/JST/view-part/?ref=snap;;
22;3;K1, K3, K6;SRD-05VDC-SL-C;SRD-05VDC-SL-C:SRD-05VDC-SL-C;SRD-05VDC-SL-C:RELAY_SRD-05VDC-SL-C;;;In Stock;;https://www.snapeda.com/parts/SRD-05VDC-SL-C/Songle+Relay/view-part/?ref=eda;                            5V Trigger Relay Module For Arduino And Raspberry Pi 5V Trigger Relay Module For Arduino And Raspberry Pi;SONGLE RELAY;;Songle Relay;SRD-05VDC-SL-C;;;;NON STANDARD-5 Songle Relay;None;;IPC-7251;;;https://www.snapeda.com/parts/SRD-05VDC-SL-C/Songle+Relay/view-part/?ref=snap;;
23;1;K4;SRD-05VDC-SL-C;:SRD-05VDC-SL-C_1;SRD-05VDC-SL-C:RELAY_SRD-05VDC-SL-C;;;In Stock;;https://www.snapeda.com/parts/SRD-05VDC-SL-C/Songle+Relay/view-part/?ref=eda;                            5V Trigger Relay Module For Arduino And Raspberry Pi 5V Trigger Relay Module For Arduino And Raspberry Pi;SONGLE RELAY;;Songle Relay;SRD-05VDC-SL-C;;;;NON STANDARD-5 Songle Relay;None;;IPC-7251;;;https://www.snapeda.com/parts/SRD-05VDC-SL-C/Songle+Relay/view-part/?ref=snap;;
24;1;K5;SRD-05VDC-SL-C;:SRD-05VDC-SL-C_2;SRD-05VDC-SL-C:RELAY_SRD-05VDC-SL-C;;;In Stock;;https://www.snapeda.com/parts/SRD-05VDC-SL-C/Songle+Relay/view-part/?ref=eda;                            5V Trigger Relay Module For Arduino And Raspberry Pi 5V Trigger Relay Module For Arduino And Raspberry Pi;SONGLE RELAY;;Songle Relay;SRD-05VDC-SL-C;;;;NON STANDARD-5 Songle Relay;None;;IPC-7251;;;https://www.snapeda.com/parts/SRD-05VDC-SL-C/Songle+Relay/view-part/?ref=snap;;
25;2;L1, L2;MMZ2012Y152BT;MMZ2012Y152BT:MMZ2012Y152BT;MMZ2012Y152B:INDC2012X87N;;;In Stock;;https://www.snapeda.com/parts/MMZ2012Y152B/TDK/view-part/?ref=eda;                            1.5 kOhms @ 100 MHz 1 Signal Line Ferrite Bead 0805 (2012 Metric) 500mA 400mOhm;;;TDK;MMZ2012Y152B;;;;0805 TDK;None;;;;;https://www.snapeda.com/parts/MMZ2012Y152B/TDK/view-part/?ref=snap;;
26;1;PS1;MC00100;MC00100:MC00100;MC00100:CONV_MC00100;;;Not in stock;ASHISH;https://www.snapeda.com/parts/MC00100/YKS/view-part/?ref=eda;                            DC-DC LM2596 Step Down Adjustable Converter Power Supply Module 1.3V-35V;YKS;14.00mm;YKS;MC00100;;;NA;None;None;;Manufacturer Recommendations;;;https://www.snapeda.com/parts/MC00100/YKS/view-part/?ref=snap;;
27;2;Q1, Q3;AOD409;IRFR5505:IRFR5505;IRF5505:DPAK;;;In Stock;;https://www.snapeda.com/parts/IRFR5505/Infineon/view-part/?ref=eda;                            P-Channel 55 V 18A (Tc) 57W (Tc) Surface Mount D-Pak;;;Infineon Technologies;IRFR5505;;;;TO-252 Infineon;None;;;;;https://www.snapeda.com/parts/IRFR5505/Infineon/view-part/?ref=snap;;
28;2;Q2, Q10;IRLR2705PBF;IRLR2705PBF:IRLR2705PBF;IRLR2705PBF:TO229P990X239-4N;;;In Stock;;https://www.snapeda.com/parts/IRLR2705PBF/Infineon/view-part/?ref=eda;                            MOSFET, Power,N-Ch,VDSS 55V,RDS(ON) 0.04Ohm,ID 28A,D-Pak (TO-252AA),PD 68W,-55C | Infineon IRLR2705PBF;Infineon;2.39 mm;Infineon Technologies;IRLR2705PBF;;;1/11/05;TO-252 Infineon;None;;IPC 7351B;;;https://www.snapeda.com/parts/IRLR2705PBF/Infineon/view-part/?ref=snap;;
29;9;Q5, Q6, Q7, Q8, Q9, Q11, Q12, Q13, Q14;MMBT3904;Transistor_BJT:MMBT3904;Package_TO_SOT_SMD:SOT-23;https://www.onsemi.com/pdf/datasheet/pzt3904-d.pdf;;;;;;;;;;;;;;;;;;;;;
30;1;R1;2,2kΩ;Device:R;Resistor_SMD:R_0603_1608Metric_Pad0.98x0.95mm_HandSolder;~;;;;;;;;;;;;;;;;;;;;;
31;1;R2;100kΩ;Device:R;Resistor_SMD:R_0603_1608Metric_Pad0.98x0.95mm_HandSolder;~;;;;;;;;;;;;;;;;;;;;;
32;27;R3, R4, R5, R6, R7, R9, R10, R11, R12, R13, R14, R15, R16, R17, R18, R19, R20, R21, R25, R27, R30, R32, R38, R39, R40, R41, R44;10kΩ;Device:R;Resistor_SMD:R_0603_1608Metric_Pad0.98x0.95mm_HandSolder;~;;;;;;;;;;;;;;;;;;;;;
33;10;R8, R22, R24, R26, R28, R29, R31, R37, R42, R43;1kΩ;Device:R;Resistor_SMD:R_0603_1608Metric_Pad0.98x0.95mm_HandSolder;~;;;;;;;;;;;;;;;;;;;;;
34;1;R23;22Ω 0.1%;Device:R;Resistor_SMD:R_0603_1608Metric_Pad0.98x0.95mm_HandSolder;~;;;;;;;;;;;;;;;;;;;;;
35;4;R33, R34, R35, R36;220Ω;Device:R;Resistor_SMD:R_0603_1608Metric_Pad0.98x0.95mm_HandSolder;~;;;;;;;;;;;;;;;;;;;;;
36;1;U1;IRF5305;IRF5305:IRF5305;IRF5305:TO263AB;;;In Stock;;https://www.snapeda.com/parts/IRF5305/Infineon/view-part/?ref=eda;                            P-Channel 55 V 31A (Tc) 3.8W (Ta), 110W (Tc) Surface Mount D2PAK;;;Infineon / IR;IRF5305;;;;TO-220 Infineon;None;;;;;https://www.snapeda.com/parts/IRF5305/Infineon/view-part/?ref=snap;;
37;1;U2;ADS1115IDGS;Analog_ADC:ADS1115IDGS;Package_SO:TSSOP-10_3x3mm_P0.5mm;http://www.ti.com/lit/ds/symlink/ads1113.pdf;;;;;;;;;;;;;;;;;;;;;
38;1;U3;LM317L_SO8;Regulator_Linear:LM317L_SO8;Package_SO:SOIC-8_3.9x4.9mm_P1.27mm;http://www.ti.com/lit/ds/snvs775k/snvs775k.pdf;;;;;;;;;;;;;;;;;;;;;
